Workbook

Sheet Summary
A1: MotionController Calibration Summary
A2: Calibration and baseline results collected in this conversation through 1 Sep 2026.
A4: Current parameter | B4: Value | D4: Validated result | E4: Value | F4: Interpretation
A5: Encoder counts / wheel revolution | B5: 1560 | D5: Rear-wheel effective diameter | E5: =AVERAGE('Wheel Calibration'!D5:D7) -> 65.497564 | F5: From 10-revolution rolling test
A6: Effective rear-wheel diameter (mm) | B6: 65.5 | D6: 500 mm brake trigger mean | E6: =AVERAGE('Baseline 500mm'!G5:G7) -> 501.7 | F6: Target crossing is detected within one 10 ms update
A7: Calculated mm / encoder count | B7: =PI()*B6/B5 -> 0.13190661 | D7: 500 mm brake-trigger overshoot | E7: =AVERAGE('Baseline 500mm'!H5:H7) -> 1.7 | F7: Mean odometric amount past 500 mm before BRAKING
A8: Test speed (CPS) | B8: 2000 | D8: Post-trigger braking travel | E8: =AVERAGE('Baseline 500mm'!I5:I7) -> 18.7 | F8: At 2000 CPS; useful for later stopping-distance compensation
A9: Approx. linear speed at 2000 CPS (mm/s) | B9: =B7*B8 -> 263.81323 | D9: Residual physical-vs-odometry error | E9: =AVERAGE('Baseline 500mm'!K5:K7) -> 0.0087619048 | F9: Odometry still reads slightly low after 65.5 mm calibration
A10: MotionController update period (ms) | B10: 10 | D10: Stationary integrated yaw mean | E10: =AVERAGE('Stationary Yaw'!B5:B7) -> 0.02 | F10: Gyro bias/noise is negligible over test duration
D11: 500 mm moving yaw mean (Kp=0) | E11: =AVERAGE('Baseline 500mm'!E5:E7) -> 2.5966667 | F11: Real repeatable heading drift, not stationary gyro drift
A13: Current conclusions
A14: 1 | B14: Use 65.5 mm as the current effective rear-wheel rolling diameter.
A15: 2 | B15: Distance-trigger logic is behaving correctly; the ~20–25 mm final excess is mostly braking travel.
A16: 3 | B16: At 2000 CPS, post-trigger braking travel is highly repeatable at about 19 mm.
A17: 4 | B17: Stationary yaw drift is only about ±0.05°, while moving runs show ~+2.6° over 500 mm.
A18: 5 | B18: The earlier Kp=0.05 tuning data is invalid for PID tuning because steering was truncated to integer zero.
A19: 6 | B19: fwdriver steering convention has since been changed to floating-point steering percent (-100% to +100%).
A20: 7 | B20: Next step: tune heading Kp with the fixed steering path, keeping Ki=Kd=0 initially.
A22: Note: The '1000mm Pre-Fix' sheet is retained for diagnostic history only and should not be used to select PID gains.

Sheet Wheel Calibration
A1: Rear-Wheel Rolling Diameter Calibration
A2: Rear wheel rolled for 10 complete revolutions. Front-wheel measurements were discarded as unreliable due to looseness.
A4: Run | B4: 10 rev distance (mm) | C4: Circumference / rev (mm) | D4: Effective diameter (mm) | E4: Diameter error vs 65.0 mm | F4: Notes
A5: 1 | B5: 2052 | C5: =B5/10 -> 205.2 | D5: =C5/PI() -> 65.317189 | E5: =D5-65 -> 0.31718864
A6: 2 | B6: 2060 | C6: =B6/10 -> 206 | D6: =C6/PI() -> 65.571837 | E6: =D6-65 -> 0.57183655
A7: 3 | B7: 2061 | C7: =B7/10 -> 206.1 | D7: =C7/PI() -> 65.603668 | E7: =D7-65 -> 0.60366754
A9: Statistic | B9: Value
A10: Mean 10-rev distance (mm) | B10: =AVERAGE(B5:B7) -> 2057.6667
A11: Mean effective diameter (mm) | B11: =AVERAGE(D5:D7) -> 65.497564
A12: Range of 10-rev distances (mm) | B12: =MAX(B5:B7)-MIN(B5:B7) -> 9

Sheet Initial 500mm
A1: Initial 500 mm Straight Runs — Kp=Ki=Kd=0, Wheel Diameter 65.0 mm
A2: These runs established repeatability and motivated the later rear-wheel rolling-diameter calibration.
A4: Run | B4: D final (mm) | C4: L (mm) | D4: R (mm) | E4: Yaw (deg) | F4: Physical (mm) | G4: R-L (mm) | H4: Physical-D (mm) | I4: Phy/Odom scale | J4: Implied eff. diameter (mm) | K4: Remarks
A5: 1 | B5: 522.3 | C5: 520.1 | D5: 524.5 | E5: 2.02 | F5: 530 | G5: =D5-C5 -> 4.4 | H5: =F5-B5 -> 7.7 | I5: =F5/B5 -> 1.0147425 | J5: =65*I5 -> 65.958262
A6: 2 | B6: 519.3 | C6: 518.4 | D6: 520.2 | E6: 2.81 | F6: 527 | G6: =D6-C6 -> 1.8 | H6: =F6-B6 -> 7.7 | I6: =F6/B6 -> 1.0148277 | J6: =65*I6 -> 65.963797
A7: 3 | B7: 522.9 | C7: 521.6 | D7: 524.1 | E7: 2.09 | F7: 530 | G7: =D7-C7 -> 2.5 | H7: =F7-B7 -> 7.1 | I7: =F7/B7 -> 1.0135781 | J7: =65*I7 -> 65.882578
A8: 4 | B8: 520.2 | C8: 519.5 | D8: 520.8 | E8: 2.7 | F8: 530 | G8: =D8-C8 -> 1.3 | H8: =F8-B8 -> 9.8 | I8: =F8/B8 -> 1.0188389 | J8: =65*I8 -> 66.224529
A10: Statistic | B10: D final | C10: Physical | D10: R-L | E10: Yaw | F10: Phy/Odom scale
A11: Mean | B11: =AVERAGE(B5:B8) -> 521.175 | C11: =AVERAGE(F5:F8) -> 529.25 | D11: =AVERAGE(G5:G8) -> 2.5 | E11: =AVERAGE(E5:E8) -> 2.405 | F11: =AVERAGE(I5:I8) -> 1.0154968
A12: Min | B12: =MIN(B5:B8) -> 519.3 | C12: =MIN(F5:F8) -> 527 | D12: =MIN(G5:G8) -> 1.3 | E12: =MIN(E5:E8) -> 2.02 | F12: =MIN(I5:I8) -> 1.0135781
A13: Max | B13: =MAX(B5:B8) -> 522.9 | C13: =MAX(F5:F8) -> 530 | D13: =MAX(G5:G8) -> 4.4 | E13: =MAX(E5:E8) -> 2.81 | F13: =MAX(I5:I8) -> 1.0188389

Sheet Baseline 500mm
A1: 500 mm Baseline After Rear-Wheel Diameter Calibration — Kp=Ki=Kd=0
A2: Current best baseline dataset: effective rear-wheel diameter 65.5 mm; 500 mm target; 2000 CPS; BRAKE records STRAIGHT→BRAKING odometry.
A4: Run | B4: D final (mm) | C4: L (mm) | D4: R (mm) | E4: Yaw (deg) | F4: Physical (mm) | G4: BRAKE trigger (mm) | H4: Trigger overshoot (mm) | I4: Post-trigger travel (mm) | J4: R-L (mm) | K4: Odom low vs physical (%)
A5: 1 | B5: 520.2 | C5: 519.2 | D5: 521.3 | E5: 2.36 | F5: 525 | G5: 502.2 | H5: =G5-500 -> 2.2 | I5: =B5-G5 -> 18 | J5: =D5-C5 -> 2.1 | K5: =(F5-B5)/F5 -> 0.0091428571
A6: 2 | B6: 520.1 | C6: 518.9 | D6: 521.3 | E6: 2.83 | F6: 525 | G6: 501.3 | H6: =G6-500 -> 1.3 | I6: =B6-G6 -> 18.8 | J6: =D6-C6 -> 2.4 | K6: =(F6-B6)/F6 -> 0.0093333333
A7: 3 | B7: 520.9 | C7: 520.4 | D7: 521.4 | E7: 2.6 | F7: 525 | G7: 501.6 | H7: =G7-500 -> 1.6 | I7: =B7-G7 -> 19.3 | J7: =D7-C7 -> 1 | K7: =(F7-B7)/F7 -> 0.0078095238
A9: Statistic | B9: Final D | C9: Brake trigger | D9: Trigger overshoot | E9: Post-brake travel | F9: Yaw
A10: Mean | B10: =AVERAGE(B5:B7) -> 520.4 | C10: =AVERAGE(G5:G7) -> 501.7 | D10: =AVERAGE(H5:H7) -> 1.7 | E10: =AVERAGE(I5:I7) -> 18.7 | F10: =AVERAGE(E5:E7) -> 2.5966667
A11: Min | B11: =MIN(B5:B7) -> 520.1 | C11: =MIN(G5:G7) -> 501.3 | D11: =MIN(H5:H7) -> 1.3 | E11: =MIN(I5:I7) -> 18 | F11: =MIN(E5:E7) -> 2.36
A12: Max | B12: =MAX(B5:B7) -> 520.9 | C12: =MAX(G5:G7) -> 502.2 | D12: =MAX(H5:H7) -> 2.2 | E12: =MAX(I5:I7) -> 19.3 | F12: =MAX(E5:E7) -> 2.83

Sheet Stationary Yaw
A1: Stationary Integrated Yaw Check
A2: Robot stationary for approximately the same duration as a short straight-motion test; used to check residual gyro bias/random walk.
A4: Run | B4: Final yaw (deg)
A5: 1 | B5: 0.04
A6: 2 | B6: -0.03
A7: 3 | B7: 0.05
A9: Statistic | B9: Value
A10: Mean yaw (deg) | B10: =AVERAGE(B5:B7) -> 0.02
A11: Max abs yaw (deg) | B11: =MAX(ABS(B5),ABS(B6),ABS(B7)) -> 0.05
A12: Peak-to-peak (deg) | B12: =MAX(B5:B7)-MIN(B5:B7) -> 0.08

Sheet 1000mm Pre-Fix
A1: 1000 mm Diagnostic Runs Before fwdriver Float Steering Fix
A2: WARNING: Do not use these runs to tune Kp. Servo_SetSteering accepted an integer, so MotionController corrections below 1% were truncated to zero. The first two runs also had the servo disabled; the final three effectively held the servo at its centered position.
A5: Run | B5: Servo state | C5: D final (mm) | D5: L (mm) | E5: R (mm) | F5: Yaw (deg) | G5: BRAKE (mm) | H5: Physical (mm) | I5: R-L (mm) | J5: Remarks
A6: 1 | B6: Disabled | C6: 1021 | D6: 1017.7 | E6: 1024.4 | F6: 4.5 | G6: 1004.2 | I6: =E6-D6 -> 6.7 | J6: Forgot to enable Servo
A7: 2 | B7: Disabled | C7: 1020.4 | D7: 1017.5 | E7: 1023.2 | F7: 4.26 | G7: 1002.8 | I7: =E7-D7 -> 5.7
A8: 3 | B8: Enabled; correction truncated | C8: 1022 | D8: 1024 | E8: 1019 | F8: -0.23 | G8: 1004.2 | H8: 1030 | I8: =E8-D8 -> -5
A9: 4 | B9: Enabled; correction truncated | C9: 1022.7 | D9: 1024.9 | E9: 1020.6 | F9: -0.37 | G9: 1005.1 | H9: 1030 | I9: =E9-D9 -> -4.3
A10: 5 | B10: Enabled; correction truncated | C10: 1020.9 | D10: 1023.2 | E10: 1018.6 | F10: -0.8 | G10: 1001.1 | H10: 1030 | I10: =E10-D10 -> -4.6
